branch_scale,mode,our_sim_avg_time,our_sim_std_time,our_sim_min_time,our_sim_max_time,our_sim_avg_memory,our_sim_std_memory,our_sim_max_memory,our_sim_success_rate,alisim_avg_time,alisim_std_time,alisim_min_time,alisim_max_time,alisim_avg_memory,alisim_std_memory,alisim_max_memory,alisim_success_rate
1,with_substitutions,1.196232212914361,0.04141660369798248,1.1394245624542236,1.2571203708648682,127.58723958333333,2.041437979625686,130.51171875,0.0,0.08930733468797468,0.021919705575303785,0.0618393421173095,0.1227228641510009,8.37282986111111,0.9824997466790475,9.91015625,1.0
1,without_substitutions,1.1861987908681233,0.03641861581739419,1.119550704956055,1.236330509185791,127.21354166666667,1.944311167675598,130.5,0.0,0.08600189950731062,0.020168183190131167,0.0520069599151611,0.1126277446746826,8.45529513888889,0.753043322709083,9.66015625,1.0
5,with_substitutions,2.3987068600124783,1.0266286985415354,1.2782011032104492,4.28911018371582,146.72265625,21.71771949134589,189.94140625,0.0,0.368587679333157,0.35088261380650615,0.0829041004180908,1.1302490234375,18.264322916666668,11.534742699950126,41.50390625,1.0
5,without_substitutions,2.3228913942972818,0.9663558821780417,1.2361648082733154,4.115764379501343,145.94748263888889,21.769272266740213,189.03515625,0.0,0.5564885669284396,0.6347074846018994,0.0620126724243164,1.898764371871948,18.348958333333332,11.415118221517922,41.04296875,1.0
10,with_substitutions,6.013029416402181,6.303039048948513,1.2580442428588867,20.033039808273315,203.38888888888889,109.9152875017931,452.9375,0.0,2.9810113112131753,5.575216786576005,0.0834064483642578,17.056901454925537,55.490017361111114,70.57290872984369,219.32421875,0.8888888888888888
10,without_substitutions,5.881799591912164,6.1582107951929235,1.216055393218994,19.735179662704468,203.30078125,110.19767161227078,452.83203125,0.0,7.141684876547919,14.70469155444948,0.0722148418426513,44.777947664260864,56.447482638888886,73.13607182888677,226.22265625,1.0
