branch_scale,mode,our_sim_avg_time,our_sim_std_time,our_sim_min_time,our_sim_max_time,our_sim_avg_memory,our_sim_std_memory,our_sim_max_memory,our_sim_success_rate,alisim_avg_time,alisim_std_time,alisim_min_time,alisim_max_time,alisim_avg_memory,alisim_std_memory,alisim_max_memory,alisim_success_rate
1,with_substitutions,1.7762919465563352,0.3623478493439175,1.4203362309999648,2.4298137350015168,114.31857638888889,4.17285058484546,120.3828125,1.0,0.12882422977862812,0.040557104344348,0.0823155380021489,0.1845771699991019,8.207899305555555,0.9767632172200721,9.74609375,1.0
1,without_substitutions,1.182857175999541,0.164063870228204,1.015458824000234,1.4683383820010931,106.3203125,2.1331290544616097,109.56640625,1.0,0.1187937756662399,0.03131969076203788,0.0724496399998315,0.1638915900002757,8.336371527777779,0.8260320610780307,9.73828125,1.0
5,with_substitutions,4.406517829888697,2.784127126793613,1.831287266999425,9.94142079700032,153.75130208333334,44.53894593244152,240.6484375,1.0,0.48367595522237633,0.45383457105365965,0.1130808990019431,1.4660832689987728,18.12934027777778,11.212090676693338,40.2734375,1.0
5,without_substitutions,2.5141453781115057,1.1552617900434061,1.353394166999351,4.629027486000268,124.28776041666667,20.3437095911237,164.3125,1.0,0.7296089113329395,0.900137281196115,0.0929765350010711,2.806540549998317,18.553385416666668,12.570615965106384,44.94140625,1.0
10,with_substitutions,12.902278807333156,15.823144499977499,1.5740507699993032,49.1774581460013,262.3415798611111,205.5590698114761,718.4296875,1.0,4.000743458666774,7.703087025036119,0.0925991900003282,23.709386106002057,53.6484375,67.98047553986707,213.44921875,0.8888888888888888
10,without_substitutions,6.620098731888801,7.07402324933337,1.3008852940001816,22.419365630001263,179.94010416666666,107.0856026454785,423.75,1.0,10.646610976889255,23.482329697460546,0.0929046119999839,71.93077548099973,56.76605902777778,73.97516716591593,230.6015625,1.0
