branch_scale,mode,our_sim_avg_time,our_sim_std_time,our_sim_min_time,our_sim_max_time,our_sim_avg_memory,our_sim_std_memory,our_sim_max_memory,our_sim_success_rate,alisim_avg_time,alisim_std_time,alisim_min_time,alisim_max_time,alisim_avg_memory,alisim_std_memory,alisim_max_memory,alisim_success_rate
1,with_substitutions,1.9641405741373699,0.2978916622600669,1.525547742843628,2.291454076766968,158.48090277777777,4.638946720658738,165.6953125,1.0,0.0908991760677761,0.024663501019940484,0.0620229244232177,0.1249005794525146,8.373697916666666,0.9829110052234907,9.9140625,1.0
1,without_substitutions,0.5668888888888889,0.15442428925240717,0.386,0.904,150.46961805555554,2.684108832153819,154.51171875,1.0,0.09360708130730519,0.035375056873132374,0.0519299507141113,0.1681792736053466,8.484809027777779,0.8050558652375801,9.9140625,1.0
5,with_substitutions,4.582674927181667,2.8232887258686215,1.80904221534729,9.948624849319458,210.03385416666666,55.27316385477757,317.4375,1.0,0.4061699178483751,0.41426520410683065,0.0720720291137695,1.3049383163452148,18.40017361111111,11.64199147009117,41.53515625,1.0
5,without_substitutions,1.7538888888888888,1.104745269784447,0.567,3.829,181.37586805555554,31.247779082321713,241.30078125,1.0,0.6157974931928847,0.6983579212241479,0.073455810546875,2.059107542037964,18.34982638888889,11.414452034026324,41.04296875,1.0
10,with_substitutions,12.877507713105944,15.618707340031246,1.635554313659668,48.76322364807129,353.6310763888889,264.1960711065851,937.79296875,1.0,3.2464907169342037,6.075156391909737,0.0722963809967041,18.617361068725582,55.5078125,70.56258874149334,219.32421875,0.8888888888888888
10,without_substitutions,5.421666666666667,6.639516266265186,0.477,20.376,269.8177083333333,163.7699112296203,639.4765625,1.0,7.321608384450276,14.626800901129343,0.0618219375610351,44.31983232498169,56.473958333333336,73.11574752829307,226.22265625,1.0
