branch_scale,mode,our_sim_avg_time,our_sim_std_time,our_sim_min_time,our_sim_max_time,our_sim_avg_memory,our_sim_std_memory,our_sim_max_memory,our_sim_success_rate,alisim_avg_time,alisim_std_time,alisim_min_time,alisim_max_time,alisim_avg_memory,alisim_std_memory,alisim_max_memory,alisim_success_rate
1,with_indels,2.330622249179416,0.33215992629266294,1.8147096633911133,2.699268341064453,140.66493055555554,4.607764953917595,147.32421875,1.0,0.12749550077650276,0.03078986061683474,0.0826764106750488,0.174372911453247,8.17361111111111,0.981038786124505,9.69921875,1.0
1,without_indels,1.3219222757551405,0.140739446812076,1.1859283447265625,1.6496741771697998,124.42881944444444,0.18521534709430038,124.7578125,1.0,0.03161422411600744,7.21023076579924e-05,0.0315260887145996,0.0317304134368896,6.389322916666667,0.02157297073669387,6.3984375,1.0
5,with_indels,5.010520431730482,2.78533130767874,2.217805862426758,10.390320062637327,192.10503472222223,52.115574208874584,292.68359375,1.0,0.4634487099117703,0.41991508316603887,0.1029458045959472,1.3341012001037598,17.74652777777778,10.712638593143417,38.1875,1.0
5,without_indels,1.182316329744127,0.032041149347111914,1.129185676574707,1.2439312934875488,124.44835069444444,0.1807646233831174,124.71875,1.0,0.04085103670756018,0.0033884826014288984,0.031827688217163,0.0422844886779785,6.367621527777778,0.031032227312012984,6.39453125,1.0
10,with_indels,13.761882967419094,15.896243102807185,2.124315023422241,49.9888653755188,337.3103298611111,257.8796238236349,901.9921875,1.0,4.086579216851129,7.8713825546399585,0.103036880493164,24.05526089668274,55.564670138888886,73.67332450561729,229.71484375,0.8888888888888888
10,without_indels,1.1354461246066623,0.05110526443106944,1.0672035217285156,1.1895816326141355,124.39496527777777,0.2807439324831172,124.87109375,1.0,0.04174574216206863,0.00016503853446680483,0.0415124893188476,0.0420198440551757,6.389322916666667,0.021572970736693866,6.3984375,1.0
