branch_scale,mode,our_sim_avg_time,our_sim_std_time,our_sim_min_time,our_sim_max_time,our_sim_avg_memory,our_sim_std_memory,our_sim_max_memory,our_sim_success_rate,alisim_avg_time,alisim_std_time,alisim_min_time,alisim_max_time,alisim_avg_memory,alisim_std_memory,alisim_max_memory,alisim_success_rate
1,with_substitutions,1.5228672822316487,0.13470699084300128,1.3151514530181885,1.7222373485565186,126.40060763888889,1.9656329094330576,129.15625,0.0,0.1279962062835693,0.02942964204097427,0.0828719139099121,0.1657941341400146,8.200086805555555,0.9772298067295073,9.734375,1.0
1,without_substitutions,1.4555785655975342,0.13155202663262086,1.2504057884216309,1.6497838497161863,125.80208333333333,1.9914070545432858,129.3203125,0.0,0.11794895595974388,0.03213329533983249,0.0723075866699218,0.1649935245513916,8.296440972222221,0.8265075883290717,9.7890625,1.0
5,with_substitutions,2.909588098526001,1.214907663469065,1.4936141967773438,5.127169370651245,145.2421875,21.4708885227202,187.2109375,0.0,0.47947944535149467,0.4534439905193779,0.0928964614868164,1.4567229747772217,18.248697916666668,11.36683915381197,40.80859375,1.0
5,without_substitutions,2.8468335999382868,1.1580234970867072,1.584465503692627,4.943464517593384,144.80815972222223,21.47026351586161,186.515625,0.0,0.6719043519761827,0.7817875350452533,0.0926265716552734,2.440566062927246,18.14279513888889,11.57582093841385,41.61328125,1.0
10,with_substitutions,7.134568055470784,7.286593949358896,1.5436508655548096,23.163078784942627,200.36805555555554,106.910815974072,443.09375,0.0,4.037889507081774,7.637464720768616,0.1026031970977783,23.45237874984741,54.154079861111114,67.99200695719615,212.2578125,0.8888888888888888
10,without_substitutions,6.948068883683947,6.941736452616794,1.617424726486206,22.082694053649902,200.15885416666666,107.08144530377206,443.28515625,0.0,10.850135564804077,23.99364470989681,0.0928442478179931,73.46258544921875,56.91753472222222,73.87570423608858,230.1640625,1.0
