branch_scale,indel_list_avg_time,indel_list_std_time,indel_list_min_time,indel_list_max_time,indel_list_avg_memory,indel_list_std_memory,indel_list_max_memory,indel_list_success_rate,indel_tree_avg_time,indel_tree_std_time,indel_tree_min_time,indel_tree_max_time,indel_tree_avg_memory,indel_tree_std_memory,indel_tree_max_memory,indel_tree_success_rate,alisim_avg_time,alisim_std_time,alisim_min_time,alisim_max_time,alisim_avg_memory,alisim_std_memory,alisim_max_memory,alisim_success_rate,phastsim_success_rate
1,2.2771633201175265,0.48997048726213716,1.6973206996917725,3.0803353786468506,158.30555555555554,12.859470042107558,177.81640625,1.0,2.4544463687472873,0.48174549635816816,1.8098227977752688,3.20351505279541,160.63064236111111,13.08762175948568,182.89453125,1.0,0.12071980370415575,0.026537187279094713,0.0925586223602294,0.1640520095825195,8.28732638888889,0.8401755138482051,9.765625,1.0,0.0
5,6.853644503487481,5.010940718643627,2.361768245697021,17.156172037124634,284.5642361111111,134.76088505182142,530.30859375,1.0,6.933583074145847,4.787465842555927,2.410357713699341,16.647640228271484,296.7322048611111,144.3938287138928,567.5546875,1.0,0.49564329783121747,0.5016289747922464,0.1028237342834472,1.631361484527588,18.162760416666668,11.56942755942291,41.375,1.0,0.0
10,40.54650804731581,69.69827154740635,2.147156238555908,214.4174191951752,592.3780381944445,599.9226846051769,1955.92578125,1.0,20.55625473128425,26.31767257513923,2.308259963989258,80.82987642288208,631.4574652777778,655.0593804049781,2113.87890625,1.0,4.15503814485338,7.91245451662517,0.1027431488037109,24.197227001190186,55.28819444444444,70.31337295404761,218.375,0.8888888888888888,0.0
