branch_scale,mode,our_sim_avg_time,our_sim_std_time,our_sim_min_time,our_sim_max_time,our_sim_avg_memory,our_sim_std_memory,our_sim_max_memory,our_sim_success_rate,alisim_avg_time,alisim_std_time,alisim_min_time,alisim_max_time,alisim_avg_memory,alisim_std_memory,alisim_max_memory,alisim_success_rate
1,with_substitutions,2.340953614976671,0.3721506760714266,1.880275011062622,2.9164533615112305,160.94965277777777,12.905349137601421,182.64453125,1.0,0.1153080993228488,0.02528203644833181,0.0824990272521972,0.1535003185272216,8.313368055555555,0.8128163300650129,9.76953125,1.0
1,without_substitutions,0.48499999999999993,0.08906879363727792,0.345,0.614,137.26822916666666,4.060667123339743,143.83203125,1.0,0.108568615383572,0.028861981341882323,0.072394847869873,0.1537559032440185,8.272135416666666,0.8108150911647778,9.74609375,1.0
5,with_substitutions,6.710678762859768,4.508838640264484,2.235595941543579,15.534986972808838,296.0963541666667,143.21346883673337,564.76953125,1.0,0.47494999567667645,0.4706656427252061,0.092628002166748,1.5076475143432615,18.172743055555557,11.587993297389593,41.38671875,1.0
5,without_substitutions,1.938111111111111,1.2400341169141724,0.634,4.246,185.92230902777777,50.18560656117399,282.453125,1.0,0.6654860973358154,0.76838248399235,0.0927460193634033,2.359816074371338,18.21050347222222,11.41722911182505,40.91015625,1.0
10,with_substitutions,21.424866437911987,27.919187150012817,2.2146670818328857,85.63195443153381,633.2734375,653.4303583602281,2113.77734375,1.0,4.637912564807468,8.996370978790642,0.1131453514099121,27.41928720474243,55.208767361111114,70.18849916804689,217.87109375,0.8888888888888888
10,without_substitutions,6.696222222222222,8.264014366180907,0.598,24.442,326.9162326388889,269.060316499974,942.1875,1.0,12.308763318591648,26.275978168298636,0.0926606655120849,79.69048738479614,56.34375,73.09447628604704,226.05078125,1.0
