branch_scale,mode,our_sim_avg_time,our_sim_std_time,our_sim_min_time,our_sim_max_time,our_sim_avg_memory,our_sim_std_memory,our_sim_max_memory,our_sim_success_rate,alisim_avg_time,alisim_std_time,alisim_min_time,alisim_max_time,alisim_avg_memory,alisim_std_memory,alisim_max_memory,alisim_success_rate
1,with_indels,1.8495452139112685,0.22808193888173484,1.5294888019561768,2.165597677230835,158.73307291666666,4.5293431972620475,165.90625,1.0,0.09213606516520179,0.02365388770532105,0.0619010925292968,0.1359312534332275,8.480902777777779,0.8066180300171459,9.9140625,1.0
1,without_indels,1.019683625962999,0.04589876841546573,0.9774398803710938,1.118907451629639,142.76605902777777,0.3017084711660425,143.140625,1.0,0.02398387591044103,0.004895614302277741,0.0210673809051513,0.0327906608581543,6.623263888888889,0.019928682115903602,6.6328125,1.0
5,with_indels,4.450951311323378,2.655539556422124,1.7606487274169922,9.88585352897644,210.77213541666666,52.86725980049918,314.40234375,1.0,0.5338581403096517,0.7554644632378636,0.0836503505706787,2.4552202224731445,17.920572916666668,10.73577347575864,38.40625,1.0
5,without_indels,1.0669413407643635,0.11105562844009048,0.9875895977020264,1.346238136291504,142.45095486111111,0.3114307336050303,142.8125,1.0,0.03174818886650929,0.0004199373261002759,0.0312817096710205,0.0325639247894287,6.616319444444445,0.02835583559945647,6.6328125,1.0
10,with_indels,12.917810969882542,14.86291683520298,2.096229314804077,46.69458937644959,354.53602430555554,255.06239053585244,909.34765625,1.0,3.599127769470215,6.561995495366098,0.0725533962249755,19.825435161590576,56.369791666666664,74.18467605473812,229.93359375,0.8888888888888888
10,without_indels,1.1370239522722032,0.07332906758041383,1.0522594451904297,1.253096342086792,142.765625,0.47301526267204436,143.390625,1.0,0.031744983461168025,0.0004133361601232398,0.0313484668731689,0.0325586795806884,6.609809027777778,0.030661228748220356,6.6328125,1.0
